{
    "name": "root",
    "metadata": {
        "timer_format_version": "0.1.0",
        "start_time_seconds": "1593631167",
        "python_version": "3.7.4 (tags/v3.7.4:e09359112e, Jul  8 2019, 20:34:20) [MSC v.1916 64 bit (AMD64)]",
        "command_line_arguments": "C:\\Users\\kodan\\AppData\\Local\\Programs\\Python\\Python37\\Scripts\\mlagents-learn --run-id=MyFirstAI",
        "mlagents_version": "0.17.0",
        "mlagents_envs_version": "0.17.0",
        "communication_protocol_version": "1.0.0",
        "tensorflow_version": "2.2.0",
        "end_time_seconds": "1593631190"
    },
    "total": 22.3554657,
    "count": 1,
    "self": 0.006319600000001202,
    "children": {
        "run_training.setup": {
            "total": 0.051621700000000104,
            "count": 1,
            "self": 0.051621700000000104
        },
        "TrainerController.start_learning": {
            "total": 22.2975244,
            "count": 1,
            "self": 1.2685150999999522,
            "children": {
                "TrainerController._reset_env": {
                    "total": 17.451094700000002,
                    "count": 1,
                    "self": 17.451094700000002
                },
                "TrainerController.advance": {
                    "total": 3.3866261000000435,
                    "count": 453,
                    "self": 0.005730000000056634,
                    "children": {
                        "env_step": {
                            "total": 3.380896099999987,
                            "count": 453,
                            "self": 3.066249599999928,
                            "children": {
                                "SubprocessEnvManager._take_step": {
                                    "total": 0.3086957000000474,
                                    "count": 453,
                                    "self": 0.012646100000011984,
                                    "children": {
                                        "NNPolicy.evaluate": {
                                            "total": 0.29604960000003544,
                                            "count": 327,
                                            "self": 0.29604960000003544
                                        }
                                    }
                                },
                                "workers": {
                                    "total": 0.005950800000011469,
                                    "count": 452,
                                    "self": 0.0,
                                    "children": {
                                        "worker_root": {
                                            "total": 4.495544099999968,
                                            "count": 452,
                                            "is_parallel": true,
                                            "self": 1.951099899999985,
                                            "children": {
                                                "steps_from_proto": {
                                                    "total": 0.0020319999999998117,
                                                    "count": 1,
                                                    "is_parallel": true,
                                                    "self": 0.0001373000000022273,
                                                    "children": {
                                                        "_process_vector_observation": {
                                                            "total": 0.0018946999999975844,
                                                            "count": 2,
                                                            "is_parallel": true,
                                                            "self": 0.0018946999999975844
                                                        }
                                                    }
                                                },
                                                "UnityEnvironment.step": {
                                                    "total": 2.5424121999999834,
                                                    "count": 452,
                                                    "is_parallel": true,
                                                    "self": 0.048952999999990254,
                                                    "children": {
                                                        "UnityEnvironment._generate_step_input": {
                                                            "total": 0.04647049999999453,
                                                            "count": 452,
                                                            "is_parallel": true,
                                                            "self": 0.04647049999999453
                                                        },
                                                        "communicator.exchange": {
                                                            "total": 2.3263758999999595,
                                                            "count": 452,
                                                            "is_parallel": true,
                                                            "self": 2.3263758999999595
                                                        },
                                                        "steps_from_proto": {
                                                            "total": 0.12061280000003904,
                                                            "count": 452,
                                                            "is_parallel": true,
                                                            "self": 0.04015339999997636,
                                                            "children": {
                                                                "_process_vector_observation": {
                                                                    "total": 0.08045940000006269,
                                                                    "count": 904,
                                                                    "is_parallel": true,
                                                                    "self": 0.08045940000006269
                                                                }
                                                            }
                                                        }
                                                    }
                                                }
                                            }
                                        }
                                    }
                                }
                            }
                        }
                    }
                },
                "trainer_threads": {
                    "total": 2.600000000185787e-05,
                    "count": 1,
                    "self": 2.600000000185787e-05,
                    "children": {
                        "thread_root": {
                            "total": 0.0,
                            "count": 0,
                            "is_parallel": true,
                            "self": 0.0,
                            "children": {
                                "trainer_advance": {
                                    "total": 3.498190799999996,
                                    "count": 1676,
                                    "is_parallel": true,
                                    "self": 0.06521769999999805,
                                    "children": {
                                        "process_trajectory": {
                                            "total": 3.432973099999998,
                                            "count": 1676,
                                            "is_parallel": true,